BEGIN;

INSERT INTO users (id, email, phone, password_hash, full_name, status, email_verified_at, is_active) VALUES
('00000000-0000-0000-0000-000000000001', 'admin@foodsuite.local', '+27000000001', '$2b$10$JKCaWcCxccBwovl1mMkBbuhz/e04gUzdqvDmqr6UjX8TOgOlXH/lC', 'Platform Admin', 'active', now(), true),
('00000000-0000-0000-0000-000000000002', 'owner@urbanbites.local', '+27000000002', '$2b$10$3GAB.UaE9mdZnSK8NYuxNO6sIf6LpLvFE6u8o0PLA8nd.prCUrzFO', 'Urban Bites Owner', 'active', now(), true),
('00000000-0000-0000-0000-000000000003', 'customer@foodsuite.local', '+27000000003', '$2b$10$Bp7hC9LsbTKtEY1VBg7ZrugjBGPXn.eqCA/LR95ib2j5BCs0Dug.K', 'Customer Account', 'active', now(), true),
('00000000-0000-0000-0000-000000000004', 'manager@urbanbites.local', '+27000000004', '$2b$10$3GAB.UaE9mdZnSK8NYuxNO6sIf6LpLvFE6u8o0PLA8nd.prCUrzFO', 'Urban Bites Manager', 'active', now(), true),
('00000000-0000-0000-0000-000000000005', 'driver@foodsuite.local', '+27000000005', '$2a$10$Cen6Qj9aGIdG1ZLOU2l8Z.P//HffEMRTq4On7Yz1YhEa4RIB6DFdy', 'Driver Account', 'active', now(), true),
('00000000-0000-0000-0000-000000000006', 'staff@urbanbites.local', '+27000000006', '$2b$10$3GAB.UaE9mdZnSK8NYuxNO6sIf6LpLvFE6u8o0PLA8nd.prCUrzFO', 'Urban Bites Staff', 'active', now(), true)
ON CONFLICT (id) DO NOTHING;

INSERT INTO user_roles (user_id, role_code) VALUES
('00000000-0000-0000-0000-000000000001', 'platform_admin'),
('00000000-0000-0000-0000-000000000002', 'restaurant_owner'),
('00000000-0000-0000-0000-000000000003', 'customer'),
('00000000-0000-0000-0000-000000000004', 'restaurant_manager'),
('00000000-0000-0000-0000-000000000005', 'driver'),
('00000000-0000-0000-0000-000000000006', 'restaurant_staff')
ON CONFLICT DO NOTHING;

INSERT INTO admin_profiles (user_id, department, can_impersonate) VALUES
('00000000-0000-0000-0000-000000000001', 'Operations', true)
ON CONFLICT (user_id) DO NOTHING;

INSERT INTO driver_profiles (user_id, onboarding_status, license_number, emergency_contact_name, emergency_contact_phone, rating, total_deliveries, available_for_dispatch) VALUES
('00000000-0000-0000-0000-000000000005', 'approved', 'MP-DRV-001', 'Dispatch Contact', '+27000000999', 4.90, 18, true)
ON CONFLICT (user_id) DO NOTHING;

INSERT INTO restaurants (id, legal_name, display_name, trading_name, description, support_email, support_phone, status, cuisine_tags, commission_rate, prep_time_min_mins, prep_time_max_mins, accepts_pickup, accepts_delivery, is_active) VALUES
('10000000-0000-0000-0000-000000000001', 'Urban Bites Pty Ltd', 'Urban Bites', 'Urban Bites', 'Fast casual launch restaurant for the portal seed data.', 'owner@urbanbites.local', '+27000000002', 'approved', ARRAY['burgers','grill','delivery'], 15.00, 15, 35, true, true, true)
ON CONFLICT (id) DO NOTHING;

INSERT INTO restaurant_locations (id, restaurant_id, location_name, address_line1, suburb, city, province, postal_code, country, location, delivery_radius_km, is_primary, is_active) VALUES
('11000000-0000-0000-0000-000000000001', '10000000-0000-0000-0000-000000000001', 'Main Branch', '12 Market Street', 'Central', 'Mbombela', 'Mpumalanga', '1200', 'ZA', ST_GeogFromText('POINT(31.0000 -25.4700)'), 12.00, true, true)
ON CONFLICT (id) DO NOTHING;

INSERT INTO restaurant_memberships (id, restaurant_id, user_id, role_code, status, is_primary, joined_at) VALUES
('12000000-0000-0000-0000-000000000001', '10000000-0000-0000-0000-000000000001', '00000000-0000-0000-0000-000000000002', 'restaurant_owner', 'active', true, now()),
('12000000-0000-0000-0000-000000000002', '10000000-0000-0000-0000-000000000001', '00000000-0000-0000-0000-000000000004', 'restaurant_manager', 'active', false, now()),
('12000000-0000-0000-0000-000000000003', '10000000-0000-0000-0000-000000000001', '00000000-0000-0000-0000-000000000006', 'restaurant_staff', 'active', false, now())
ON CONFLICT (restaurant_id, user_id, role_code) DO NOTHING;

INSERT INTO customer_profiles (user_id, marketing_opt_in, loyalty_points, preferred_language) VALUES
('00000000-0000-0000-0000-000000000003', true, 120, 'en')
ON CONFLICT (user_id) DO NOTHING;

INSERT INTO user_addresses (id, user_id, address_type, label, address_line1, suburb, city, province, postal_code, country, location, delivery_instructions, is_default, is_active) VALUES
('17000000-0000-0000-0000-000000000001', '00000000-0000-0000-0000-000000000003', 'home', 'Home', '14 Ferreira Street', 'West Acres', 'Mbombela', 'Mpumalanga', '1200', 'ZA', ST_GeogFromText('POINT(31.0100 -25.4600)'), 'Call at gate', true, true)
ON CONFLICT (id) DO NOTHING;

INSERT INTO menu_categories (id, restaurant_id, name, description, display_order, is_active) VALUES
('13000000-0000-0000-0000-000000000001', '10000000-0000-0000-0000-000000000001', 'Burgers', 'Signature burgers and street-food favourites', 1, true),
('13000000-0000-0000-0000-000000000002', '10000000-0000-0000-0000-000000000001', 'Sides', 'Perfect add-ons and crispy extras', 2, true),
('13000000-0000-0000-0000-000000000003', '10000000-0000-0000-0000-000000000001', 'Drinks', 'Cold refreshment selection', 3, true)
ON CONFLICT (id) DO NOTHING;

INSERT INTO menu_items (id, restaurant_id, category_id, name, description, sku, base_price, currency, is_available, is_active, display_order, is_vegetarian, is_vegan, is_halal) VALUES
('14000000-0000-0000-0000-000000000001', '10000000-0000-0000-0000-000000000001', '13000000-0000-0000-0000-000000000001', 'Urban Smash Burger', 'Double smash burger with cheese and house sauce', 'UB-BUR-001', 89.00, 'ZAR', true, true, 1, false, false, true),
('14000000-0000-0000-0000-000000000002', '10000000-0000-0000-0000-000000000001', '13000000-0000-0000-0000-000000000002', 'Crispy Fries', 'Golden fries with seasoning', 'UB-SID-001', 29.00, 'ZAR', true, true, 2, true, true, true),
('14000000-0000-0000-0000-000000000003', '10000000-0000-0000-0000-000000000001', '13000000-0000-0000-0000-000000000003', 'Craft Soda', '330ml house craft soda', 'UB-DRK-001', 19.00, 'ZAR', true, true, 3, true, true, true)
ON CONFLICT (id) DO NOTHING;

INSERT INTO restaurant_inventory_items (id, restaurant_id, menu_item_id, sku, item_name, tracking_mode, stock_quantity, reorder_threshold, unit, is_active, last_counted_at) VALUES
('15000000-0000-0000-0000-000000000001', '10000000-0000-0000-0000-000000000001', '14000000-0000-0000-0000-000000000001', 'BUN-001', 'Burger buns', 'simple', 15, 12, 'units', true, now()),
('15000000-0000-0000-0000-000000000002', '10000000-0000-0000-0000-000000000001', '14000000-0000-0000-0000-000000000002', 'POT-001', 'Potato fries', 'simple', 8, 10, 'kg', true, now()),
('15000000-0000-0000-0000-000000000003', '10000000-0000-0000-0000-000000000001', '14000000-0000-0000-0000-000000000003', 'SOD-001', 'Soda cans', 'simple', 30, 8, 'units', true, now())
ON CONFLICT (id) DO NOTHING;

INSERT INTO orders (id, customer_user_id, restaurant_id, restaurant_location_id, order_type, status, delivery_address_id, special_instructions, subtotal_amount, item_discount_amount, coupon_discount_amount, service_fee_amount, delivery_fee_amount, tip_amount, tax_amount, total_amount, currency, placed_at, completed_at, updated_at) VALUES
('16000000-0000-0000-0000-000000000001', '00000000-0000-0000-0000-000000000003', '10000000-0000-0000-0000-000000000001', '11000000-0000-0000-0000-000000000001', 'delivery', 'placed', '17000000-0000-0000-0000-000000000001', 'Ring the bell at the gate.', 118.00, 0, 0, 5.00, 20.00, 0, 21.45, 164.45, 'ZAR', now() - interval '2 hours', NULL, now() - interval '2 hours'),
('16000000-0000-0000-0000-000000000002', '00000000-0000-0000-0000-000000000003', '10000000-0000-0000-0000-000000000001', '11000000-0000-0000-0000-000000000001', 'pickup', 'delivered', NULL, 'No onions on the burger.', 108.00, 0, 0, 0, 0, 5.00, 16.95, 129.95, 'ZAR', now() - interval '1 day', now() - interval '1 day', now() - interval '1 day')
ON CONFLICT (id) DO NOTHING;

INSERT INTO order_items (id, order_id, menu_item_id, item_name, sku, quantity, unit_price, base_total, line_total, item_snapshot) VALUES
('16100000-0000-0000-0000-000000000001', '16000000-0000-0000-0000-000000000001', '14000000-0000-0000-0000-000000000001', 'Urban Smash Burger', 'UB-BUR-001', 1, 89.00, 89.00, 89.00, '{"name":"Urban Smash Burger"}'),
('16100000-0000-0000-0000-000000000002', '16000000-0000-0000-0000-000000000001', '14000000-0000-0000-0000-000000000002', 'Crispy Fries', 'UB-SID-001', 1, 29.00, 29.00, 29.00, '{"name":"Crispy Fries"}'),
('16100000-0000-0000-0000-000000000003', '16000000-0000-0000-0000-000000000002', '14000000-0000-0000-0000-000000000001', 'Urban Smash Burger', 'UB-BUR-001', 1, 89.00, 89.00, 89.00, '{"name":"Urban Smash Burger"}'),
('16100000-0000-0000-0000-000000000004', '16000000-0000-0000-0000-000000000002', '14000000-0000-0000-0000-000000000003', 'Craft Soda', 'UB-DRK-001', 1, 19.00, 19.00, 19.00, '{"name":"Craft Soda"}')
ON CONFLICT (id) DO NOTHING;

INSERT INTO deliveries (id, order_id, current_driver_user_id, status, dispatch_started_at, assigned_at, accepted_at, pickup_eta_mins, dropoff_eta_mins, driver_payout_estimate, created_at, updated_at) VALUES
('16200000-0000-0000-0000-000000000001', '16000000-0000-0000-0000-000000000001', NULL, 'awaiting_dispatch', now() - interval '100 minutes', NULL, NULL, 15, 25, 35.00, now() - interval '100 minutes', now() - interval '100 minutes')
ON CONFLICT (id) DO NOTHING;

INSERT INTO payments (id, order_id, provider, amount, currency, status, captured_at, created_at, updated_at) VALUES
('16300000-0000-0000-0000-000000000001', '16000000-0000-0000-0000-000000000001', 'platform_pay', 164.45, 'ZAR', 'captured', now() - interval '2 hours', now() - interval '2 hours', now() - interval '2 hours'),
('16300000-0000-0000-0000-000000000002', '16000000-0000-0000-0000-000000000002', 'platform_pay', 129.95, 'ZAR', 'captured', now() - interval '1 day', now() - interval '1 day', now() - interval '1 day')
ON CONFLICT (id) DO NOTHING;

COMMIT;

INSERT INTO media_assets (id, owner_type, owner_id, file_url, alt_text, created_by_user_id) VALUES
('18000000-0000-0000-0000-000000000001', 'restaurant', '10000000-0000-0000-0000-000000000001', 'https://images.unsplash.com/photo-1517248135467-4c7edcad34c4?auto=format&fit=crop&w=900&q=80', 'banner', '00000000-0000-0000-0000-000000000002'),
('18000000-0000-0000-0000-000000000002', 'restaurant', '10000000-0000-0000-0000-000000000001', 'https://images.unsplash.com/photo-1552566626-52f8b828add9?auto=format&fit=crop&w=300&q=80', 'logo', '00000000-0000-0000-0000-000000000002')
ON CONFLICT (id) DO NOTHING;



INSERT INTO media_assets (id, owner_type, owner_id, file_url, alt_text, created_by_user_id) VALUES
('18000000-0000-0000-0000-000000000003', 'user', '00000000-0000-0000-0000-000000000005', 'https://images.unsplash.com/photo-1500648767791-00dcc994a43e?auto=format&fit=crop&w=400&q=80', 'profile', '00000000-0000-0000-0000-000000000005')
ON CONFLICT (id) DO NOTHING;

UPDATE menu_items
SET image_url = CASE id
  WHEN '14000000-0000-0000-0000-000000000001' THEN 'https://images.unsplash.com/photo-1568901346375-23c9450c58cd?auto=format&fit=crop&w=900&q=80'
  WHEN '14000000-0000-0000-0000-000000000002' THEN 'https://images.unsplash.com/photo-1573080496219-bb080dd4f877?auto=format&fit=crop&w=900&q=80'
  WHEN '14000000-0000-0000-0000-000000000003' THEN 'https://images.unsplash.com/photo-1544145945-f90425340c7e?auto=format&fit=crop&w=900&q=80'
  ELSE image_url
END
WHERE image_url IS NULL OR image_url = '';

UPDATE restaurants
SET status = 'approved', is_active = true
WHERE is_active = true AND status IN ('draft','pending_review');

-- AUTO-GENERATED EXPANDED RESTAURANT SEED DATA
INSERT INTO restaurants (legal_name, display_name, trading_name, description, support_email, support_phone, status, cuisine_tags, commission_rate, prep_time_min_mins, prep_time_max_mins, accepts_pickup, accepts_delivery, is_active) SELECT 'Flame Grill House Pty Ltd', 'Flame Grill House', 'Flame Grill House', 'Flame-grilled chicken, wraps, and chips with bold sauces.', 'support@flamegrill.local', '+27000001002', 'approved', ARRAY['chicken', 'grill', 'wraps'], 15.00, 15, 35, true, true, true WHERE NOT EXISTS (SELECT 1 FROM restaurants WHERE display_name = 'Flame Grill House');
INSERT INTO restaurant_locations (restaurant_id, location_name, address_line1, suburb, city, province, postal_code, country, location, delivery_radius_km, is_primary, is_active) SELECT id, 'Main Branch', '45 Riverside Drive', 'Riverside', 'Mbombela', 'Mpumalanga', '1201', 'ZA', ST_GeogFromText('POINT(31.0150 -25.4600)'), 12.00, true, true FROM restaurants WHERE display_name = 'Flame Grill House' AND NOT EXISTS (SELECT 1 FROM restaurant_locations rl WHERE rl.restaurant_id = restaurants.id AND rl.is_primary = true);
INSERT INTO media_assets (owner_type, owner_id, file_url, alt_text, created_by_user_id) SELECT 'restaurant', id, 'https://images.unsplash.com/photo-1555396273-367ea4eb4db5?auto=format&fit=crop&w=300&q=80', 'logo', '00000000-0000-0000-0000-000000000002' FROM restaurants WHERE display_name = 'Flame Grill House' AND NOT EXISTS (SELECT 1 FROM media_assets ma WHERE ma.owner_type='restaurant' AND ma.owner_id=restaurants.id AND ma.alt_text='logo');
INSERT INTO media_assets (owner_type, owner_id, file_url, alt_text, created_by_user_id) SELECT 'restaurant', id, 'https://images.unsplash.com/photo-1504674900247-0877df9cc836?auto=format&fit=crop&w=900&q=80', 'banner', '00000000-0000-0000-0000-000000000002' FROM restaurants WHERE display_name = 'Flame Grill House' AND NOT EXISTS (SELECT 1 FROM media_assets ma WHERE ma.owner_type='restaurant' AND ma.owner_id=restaurants.id AND ma.alt_text='banner');
INSERT INTO featured_restaurants (restaurant_id, priority) SELECT id, 6 FROM restaurants WHERE display_name = 'Flame Grill House' AND NOT EXISTS (SELECT 1 FROM featured_restaurants fr WHERE fr.restaurant_id = restaurants.id);
INSERT INTO menu_categories (restaurant_id, name, description, display_order, is_active) SELECT r.id, 'Meals', 'Meals menu', 1, true FROM restaurants r WHERE r.display_name = 'Flame Grill House' AND NOT EXISTS (SELECT 1 FROM menu_categories c WHERE c.restaurant_id=r.id AND c.name='Meals');
INSERT INTO menu_categories (restaurant_id, name, description, display_order, is_active) SELECT r.id, 'Wraps', 'Wraps menu', 2, true FROM restaurants r WHERE r.display_name = 'Flame Grill House' AND NOT EXISTS (SELECT 1 FROM menu_categories c WHERE c.restaurant_id=r.id AND c.name='Wraps');
INSERT INTO menu_categories (restaurant_id, name, description, display_order, is_active) SELECT r.id, 'Sides', 'Sides menu', 3, true FROM restaurants r WHERE r.display_name = 'Flame Grill House' AND NOT EXISTS (SELECT 1 FROM menu_categories c WHERE c.restaurant_id=r.id AND c.name='Sides');
INSERT INTO menu_categories (restaurant_id, name, description, display_order, is_active) SELECT r.id, 'Drinks', 'Drinks menu', 4, true FROM restaurants r WHERE r.display_name = 'Flame Grill House' AND NOT EXISTS (SELECT 1 FROM menu_categories c WHERE c.restaurant_id=r.id AND c.name='Drinks');
INSERT INTO menu_items (restaurant_id, category_id, name, description, sku, base_price, currency, is_available, is_active, display_order, image_url, is_halal) SELECT r.id, c.id, 'Fire Chicken Meal', 'Quarter chicken with chips and roll', 'SKU-1-1', 79.00, 'ZAR', true, true, 1, 'https://images.unsplash.com/photo-1608039755401-742074f0548d?auto=format&fit=crop&w=900&q=80', true FROM restaurants r JOIN menu_categories c ON c.restaurant_id=r.id AND c.name='Meals' WHERE r.display_name = 'Flame Grill House' AND NOT EXISTS (SELECT 1 FROM menu_items mi WHERE mi.restaurant_id=r.id AND mi.name='Fire Chicken Meal');
INSERT INTO menu_items (restaurant_id, category_id, name, description, sku, base_price, currency, is_available, is_active, display_order, image_url, is_halal) SELECT r.id, c.id, 'Peri Wrap', 'Flame chicken wrap with slaw', 'SKU-1-2', 64.00, 'ZAR', true, true, 2, 'https://images.unsplash.com/photo-1530469912745-a215c6b256ea?auto=format&fit=crop&w=900&q=80', true FROM restaurants r JOIN menu_categories c ON c.restaurant_id=r.id AND c.name='Wraps' WHERE r.display_name = 'Flame Grill House' AND NOT EXISTS (SELECT 1 FROM menu_items mi WHERE mi.restaurant_id=r.id AND mi.name='Peri Wrap');
INSERT INTO menu_items (restaurant_id, category_id, name, description, sku, base_price, currency, is_available, is_active, display_order, image_url, is_halal) SELECT r.id, c.id, 'Loaded Chips', 'Crispy chips with cheese sauce', 'SKU-1-3', 42.00, 'ZAR', true, true, 3, 'https://images.unsplash.com/photo-1518013431117-eb1465fa5752?auto=format&fit=crop&w=900&q=80', true FROM restaurants r JOIN menu_categories c ON c.restaurant_id=r.id AND c.name='Sides' WHERE r.display_name = 'Flame Grill House' AND NOT EXISTS (SELECT 1 FROM menu_items mi WHERE mi.restaurant_id=r.id AND mi.name='Loaded Chips');
INSERT INTO menu_items (restaurant_id, category_id, name, description, sku, base_price, currency, is_available, is_active, display_order, image_url, is_halal) SELECT r.id, c.id, 'Chicken Burger', 'Grilled fillet burger with spicy mayo', 'SKU-1-4', 69.00, 'ZAR', true, true, 4, 'https://images.unsplash.com/photo-1568901346375-23c9450c58cd?auto=format&fit=crop&w=900&q=80', true FROM restaurants r JOIN menu_categories c ON c.restaurant_id=r.id AND c.name='Meals' WHERE r.display_name = 'Flame Grill House' AND NOT EXISTS (SELECT 1 FROM menu_items mi WHERE mi.restaurant_id=r.id AND mi.name='Chicken Burger');
INSERT INTO menu_items (restaurant_id, category_id, name, description, sku, base_price, currency, is_available, is_active, display_order, image_url, is_halal) SELECT r.id, c.id, 'Peach Cooler', 'Peach iced cooler', 'SKU-1-5', 26.00, 'ZAR', true, true, 5, 'https://images.unsplash.com/photo-1544145945-f90425340c7e?auto=format&fit=crop&w=900&q=80', true FROM restaurants r JOIN menu_categories c ON c.restaurant_id=r.id AND c.name='Drinks' WHERE r.display_name = 'Flame Grill House' AND NOT EXISTS (SELECT 1 FROM menu_items mi WHERE mi.restaurant_id=r.id AND mi.name='Peach Cooler');
INSERT INTO modifier_groups (restaurant_id, name, min_select, max_select, is_required, display_order, is_active) SELECT r.id, 'Extras', 0, 3, false, 1, true FROM restaurants r WHERE r.display_name = 'Flame Grill House' AND NOT EXISTS (SELECT 1 FROM modifier_groups mg WHERE mg.restaurant_id=r.id AND mg.name='Extras');
INSERT INTO modifier_options (modifier_group_id, name, price_delta, is_default, is_available, display_order, is_active) SELECT mg.id, 'Extra Cheese', 12.00, false, true, 1, true FROM modifier_groups mg JOIN restaurants r ON r.id = mg.restaurant_id WHERE r.display_name = 'Flame Grill House' AND mg.name='Extras' AND NOT EXISTS (SELECT 1 FROM modifier_options mo WHERE mo.modifier_group_id=mg.id AND mo.name='Extra Cheese');
INSERT INTO modifier_options (modifier_group_id, name, price_delta, is_default, is_available, display_order, is_active) SELECT mg.id, 'Extra Sauce', 8.00, false, true, 2, true FROM modifier_groups mg JOIN restaurants r ON r.id = mg.restaurant_id WHERE r.display_name = 'Flame Grill House' AND mg.name='Extras' AND NOT EXISTS (SELECT 1 FROM modifier_options mo WHERE mo.modifier_group_id=mg.id AND mo.name='Extra Sauce');
INSERT INTO modifier_options (modifier_group_id, name, price_delta, is_default, is_available, display_order, is_active) SELECT mg.id, 'Add Fries', 24.00, false, true, 3, true FROM modifier_groups mg JOIN restaurants r ON r.id = mg.restaurant_id WHERE r.display_name = 'Flame Grill House' AND mg.name='Extras' AND NOT EXISTS (SELECT 1 FROM modifier_options mo WHERE mo.modifier_group_id=mg.id AND mo.name='Add Fries');
INSERT INTO menu_item_modifier_groups (menu_item_id, modifier_group_id, display_order) SELECT mi.id, mg.id, 1 FROM menu_items mi JOIN restaurants r ON r.id = mi.restaurant_id JOIN modifier_groups mg ON mg.restaurant_id = r.id AND mg.name='Extras' WHERE r.display_name = 'Flame Grill House' AND NOT EXISTS (SELECT 1 FROM menu_item_modifier_groups mimg WHERE mimg.menu_item_id=mi.id AND mimg.modifier_group_id=mg.id);
INSERT INTO restaurants (legal_name, display_name, trading_name, description, support_email, support_phone, status, cuisine_tags, commission_rate, prep_time_min_mins, prep_time_max_mins, accepts_pickup, accepts_delivery, is_active) SELECT 'Pizza District Pty Ltd', 'Pizza District', 'Pizza District', 'Stone-baked pizzas, garlic rolls, and family combos.', 'hello@pizzadistrict.local', '+27000001003', 'approved', ARRAY['pizza', 'italian', 'family'], 15.00, 15, 35, true, true, true WHERE NOT EXISTS (SELECT 1 FROM restaurants WHERE display_name = 'Pizza District');
INSERT INTO restaurant_locations (restaurant_id, location_name, address_line1, suburb, city, province, postal_code, country, location, delivery_radius_km, is_primary, is_active) SELECT id, 'Main Branch', '18 Ferreira Street', 'Central', 'Mbombela', 'Mpumalanga', '1200', 'ZA', ST_GeogFromText('POINT(31.0040 -25.4680)'), 12.00, true, true FROM restaurants WHERE display_name = 'Pizza District' AND NOT EXISTS (SELECT 1 FROM restaurant_locations rl WHERE rl.restaurant_id = restaurants.id AND rl.is_primary = true);
INSERT INTO media_assets (owner_type, owner_id, file_url, alt_text, created_by_user_id) SELECT 'restaurant', id, 'https://images.unsplash.com/photo-1513104890138-7c749659a591?auto=format&fit=crop&w=300&q=80', 'logo', '00000000-0000-0000-0000-000000000002' FROM restaurants WHERE display_name = 'Pizza District' AND NOT EXISTS (SELECT 1 FROM media_assets ma WHERE ma.owner_type='restaurant' AND ma.owner_id=restaurants.id AND ma.alt_text='logo');
INSERT INTO media_assets (owner_type, owner_id, file_url, alt_text, created_by_user_id) SELECT 'restaurant', id, 'https://images.unsplash.com/photo-1514326640560-7d063ef2aed5?auto=format&fit=crop&w=900&q=80', 'banner', '00000000-0000-0000-0000-000000000002' FROM restaurants WHERE display_name = 'Pizza District' AND NOT EXISTS (SELECT 1 FROM media_assets ma WHERE ma.owner_type='restaurant' AND ma.owner_id=restaurants.id AND ma.alt_text='banner');
INSERT INTO featured_restaurants (restaurant_id, priority) SELECT id, 5 FROM restaurants WHERE display_name = 'Pizza District' AND NOT EXISTS (SELECT 1 FROM featured_restaurants fr WHERE fr.restaurant_id = restaurants.id);
INSERT INTO menu_categories (restaurant_id, name, description, display_order, is_active) SELECT r.id, 'Pizzas', 'Pizzas menu', 1, true FROM restaurants r WHERE r.display_name = 'Pizza District' AND NOT EXISTS (SELECT 1 FROM menu_categories c WHERE c.restaurant_id=r.id AND c.name='Pizzas');
INSERT INTO menu_categories (restaurant_id, name, description, display_order, is_active) SELECT r.id, 'Sides', 'Sides menu', 2, true FROM restaurants r WHERE r.display_name = 'Pizza District' AND NOT EXISTS (SELECT 1 FROM menu_categories c WHERE c.restaurant_id=r.id AND c.name='Sides');
INSERT INTO menu_categories (restaurant_id, name, description, display_order, is_active) SELECT r.id, 'Drinks', 'Drinks menu', 3, true FROM restaurants r WHERE r.display_name = 'Pizza District' AND NOT EXISTS (SELECT 1 FROM menu_categories c WHERE c.restaurant_id=r.id AND c.name='Drinks');
INSERT INTO menu_items (restaurant_id, category_id, name, description, sku, base_price, currency, is_available, is_active, display_order, image_url, is_halal) SELECT r.id, c.id, 'Pepperoni Large', 'Large pepperoni pizza with mozzarella', 'SKU-2-1', 119.00, 'ZAR', true, true, 1, 'https://images.unsplash.com/photo-1513104890138-7c749659a591?auto=format&fit=crop&w=900&q=80', true FROM restaurants r JOIN menu_categories c ON c.restaurant_id=r.id AND c.name='Pizzas' WHERE r.display_name = 'Pizza District' AND NOT EXISTS (SELECT 1 FROM menu_items mi WHERE mi.restaurant_id=r.id AND mi.name='Pepperoni Large');
INSERT INTO menu_items (restaurant_id, category_id, name, description, sku, base_price, currency, is_available, is_active, display_order, image_url, is_halal) SELECT r.id, c.id, 'Chicken Mayo Pizza', 'Creamy chicken mayo pizza', 'SKU-2-2', 109.00, 'ZAR', true, true, 2, 'https://images.unsplash.com/photo-1511689660979-10d2b1aada49?auto=format&fit=crop&w=900&q=80', true FROM restaurants r JOIN menu_categories c ON c.restaurant_id=r.id AND c.name='Pizzas' WHERE r.display_name = 'Pizza District' AND NOT EXISTS (SELECT 1 FROM menu_items mi WHERE mi.restaurant_id=r.id AND mi.name='Chicken Mayo Pizza');
INSERT INTO menu_items (restaurant_id, category_id, name, description, sku, base_price, currency, is_available, is_active, display_order, image_url, is_halal) SELECT r.id, c.id, 'Garlic Rolls', 'Buttery garlic rolls', 'SKU-2-3', 35.00, 'ZAR', true, true, 3, 'https://images.unsplash.com/photo-1509440159596-0249088772ff?auto=format&fit=crop&w=900&q=80', true FROM restaurants r JOIN menu_categories c ON c.restaurant_id=r.id AND c.name='Sides' WHERE r.display_name = 'Pizza District' AND NOT EXISTS (SELECT 1 FROM menu_items mi WHERE mi.restaurant_id=r.id AND mi.name='Garlic Rolls');
INSERT INTO menu_items (restaurant_id, category_id, name, description, sku, base_price, currency, is_available, is_active, display_order, image_url, is_halal) SELECT r.id, c.id, 'Triple Cheese Slice', 'Cheesy folded pizza slice', 'SKU-2-4', 54.00, 'ZAR', true, true, 4, 'https://images.unsplash.com/photo-1541745537411-b8046dc6d66c?auto=format&fit=crop&w=900&q=80', true FROM restaurants r JOIN menu_categories c ON c.restaurant_id=r.id AND c.name='Sides' WHERE r.display_name = 'Pizza District' AND NOT EXISTS (SELECT 1 FROM menu_items mi WHERE mi.restaurant_id=r.id AND mi.name='Triple Cheese Slice');
INSERT INTO menu_items (restaurant_id, category_id, name, description, sku, base_price, currency, is_available, is_active, display_order, image_url, is_halal) SELECT r.id, c.id, 'Berry Soda', 'Chilled berry soda', 'SKU-2-5', 24.00, 'ZAR', true, true, 5, 'https://images.unsplash.com/photo-1513558161293-cdaf765ed2fd?auto=format&fit=crop&w=900&q=80', true FROM restaurants r JOIN menu_categories c ON c.restaurant_id=r.id AND c.name='Drinks' WHERE r.display_name = 'Pizza District' AND NOT EXISTS (SELECT 1 FROM menu_items mi WHERE mi.restaurant_id=r.id AND mi.name='Berry Soda');
INSERT INTO modifier_groups (restaurant_id, name, min_select, max_select, is_required, display_order, is_active) SELECT r.id, 'Extras', 0, 3, false, 1, true FROM restaurants r WHERE r.display_name = 'Pizza District' AND NOT EXISTS (SELECT 1 FROM modifier_groups mg WHERE mg.restaurant_id=r.id AND mg.name='Extras');
INSERT INTO modifier_options (modifier_group_id, name, price_delta, is_default, is_available, display_order, is_active) SELECT mg.id, 'Extra Cheese', 12.00, false, true, 1, true FROM modifier_groups mg JOIN restaurants r ON r.id = mg.restaurant_id WHERE r.display_name = 'Pizza District' AND mg.name='Extras' AND NOT EXISTS (SELECT 1 FROM modifier_options mo WHERE mo.modifier_group_id=mg.id AND mo.name='Extra Cheese');
INSERT INTO modifier_options (modifier_group_id, name, price_delta, is_default, is_available, display_order, is_active) SELECT mg.id, 'Extra Sauce', 8.00, false, true, 2, true FROM modifier_groups mg JOIN restaurants r ON r.id = mg.restaurant_id WHERE r.display_name = 'Pizza District' AND mg.name='Extras' AND NOT EXISTS (SELECT 1 FROM modifier_options mo WHERE mo.modifier_group_id=mg.id AND mo.name='Extra Sauce');
INSERT INTO modifier_options (modifier_group_id, name, price_delta, is_default, is_available, display_order, is_active) SELECT mg.id, 'Add Fries', 24.00, false, true, 3, true FROM modifier_groups mg JOIN restaurants r ON r.id = mg.restaurant_id WHERE r.display_name = 'Pizza District' AND mg.name='Extras' AND NOT EXISTS (SELECT 1 FROM modifier_options mo WHERE mo.modifier_group_id=mg.id AND mo.name='Add Fries');
INSERT INTO menu_item_modifier_groups (menu_item_id, modifier_group_id, display_order) SELECT mi.id, mg.id, 1 FROM menu_items mi JOIN restaurants r ON r.id = mi.restaurant_id JOIN modifier_groups mg ON mg.restaurant_id = r.id AND mg.name='Extras' WHERE r.display_name = 'Pizza District' AND NOT EXISTS (SELECT 1 FROM menu_item_modifier_groups mimg WHERE mimg.menu_item_id=mi.id AND mimg.modifier_group_id=mg.id);
INSERT INTO restaurants (legal_name, display_name, trading_name, description, support_email, support_phone, status, cuisine_tags, commission_rate, prep_time_min_mins, prep_time_max_mins, accepts_pickup, accepts_delivery, is_active) SELECT 'Sushi Wave Pty Ltd', 'Sushi Wave', 'Sushi Wave', 'Fresh sushi boxes, poke bowls, and hand rolls.', 'orders@sushiwave.local', '+27000001004', 'approved', ARRAY['sushi', 'poke', 'asian'], 15.00, 15, 35, true, true, true WHERE NOT EXISTS (SELECT 1 FROM restaurants WHERE display_name = 'Sushi Wave');
INSERT INTO restaurant_locations (restaurant_id, location_name, address_line1, suburb, city, province, postal_code, country, location, delivery_radius_km, is_primary, is_active) SELECT id, 'Main Branch', '9 Sonpark Boulevard', 'Sonheuwel', 'Mbombela', 'Mpumalanga', '1206', 'ZA', ST_GeogFromText('POINT(31.0300 -25.4520)'), 12.00, true, true FROM restaurants WHERE display_name = 'Sushi Wave' AND NOT EXISTS (SELECT 1 FROM restaurant_locations rl WHERE rl.restaurant_id = restaurants.id AND rl.is_primary = true);
INSERT INTO media_assets (owner_type, owner_id, file_url, alt_text, created_by_user_id) SELECT 'restaurant', id, 'https://images.unsplash.com/photo-1579871494447-9811cf80d66c?auto=format&fit=crop&w=300&q=80', 'logo', '00000000-0000-0000-0000-000000000002' FROM restaurants WHERE display_name = 'Sushi Wave' AND NOT EXISTS (SELECT 1 FROM media_assets ma WHERE ma.owner_type='restaurant' AND ma.owner_id=restaurants.id AND ma.alt_text='logo');
INSERT INTO media_assets (owner_type, owner_id, file_url, alt_text, created_by_user_id) SELECT 'restaurant', id, 'https://images.unsplash.com/photo-1579584425555-c3ce17fd4351?auto=format&fit=crop&w=900&q=80', 'banner', '00000000-0000-0000-0000-000000000002' FROM restaurants WHERE display_name = 'Sushi Wave' AND NOT EXISTS (SELECT 1 FROM media_assets ma WHERE ma.owner_type='restaurant' AND ma.owner_id=restaurants.id AND ma.alt_text='banner');
INSERT INTO featured_restaurants (restaurant_id, priority) SELECT id, 4 FROM restaurants WHERE display_name = 'Sushi Wave' AND NOT EXISTS (SELECT 1 FROM featured_restaurants fr WHERE fr.restaurant_id = restaurants.id);
INSERT INTO menu_categories (restaurant_id, name, description, display_order, is_active) SELECT r.id, 'Sushi', 'Sushi menu', 1, true FROM restaurants r WHERE r.display_name = 'Sushi Wave' AND NOT EXISTS (SELECT 1 FROM menu_categories c WHERE c.restaurant_id=r.id AND c.name='Sushi');
INSERT INTO menu_categories (restaurant_id, name, description, display_order, is_active) SELECT r.id, 'Bowls', 'Bowls menu', 2, true FROM restaurants r WHERE r.display_name = 'Sushi Wave' AND NOT EXISTS (SELECT 1 FROM menu_categories c WHERE c.restaurant_id=r.id AND c.name='Bowls');
INSERT INTO menu_categories (restaurant_id, name, description, display_order, is_active) SELECT r.id, 'Sides', 'Sides menu', 3, true FROM restaurants r WHERE r.display_name = 'Sushi Wave' AND NOT EXISTS (SELECT 1 FROM menu_categories c WHERE c.restaurant_id=r.id AND c.name='Sides');
INSERT INTO menu_categories (restaurant_id, name, description, display_order, is_active) SELECT r.id, 'Drinks', 'Drinks menu', 4, true FROM restaurants r WHERE r.display_name = 'Sushi Wave' AND NOT EXISTS (SELECT 1 FROM menu_categories c WHERE c.restaurant_id=r.id AND c.name='Drinks');
INSERT INTO menu_items (restaurant_id, category_id, name, description, sku, base_price, currency, is_available, is_active, display_order, image_url, is_halal) SELECT r.id, c.id, 'Salmon Rainbow Roll', '8-piece salmon rainbow roll', 'SKU-3-1', 99.00, 'ZAR', true, true, 1, 'https://images.unsplash.com/photo-1579871494447-9811cf80d66c?auto=format&fit=crop&w=900&q=80', true FROM restaurants r JOIN menu_categories c ON c.restaurant_id=r.id AND c.name='Sushi' WHERE r.display_name = 'Sushi Wave' AND NOT EXISTS (SELECT 1 FROM menu_items mi WHERE mi.restaurant_id=r.id AND mi.name='Salmon Rainbow Roll');
INSERT INTO menu_items (restaurant_id, category_id, name, description, sku, base_price, currency, is_available, is_active, display_order, image_url, is_halal) SELECT r.id, c.id, 'Chicken Crunch Roll', 'Crunchy crumbed chicken roll', 'SKU-3-2', 89.00, 'ZAR', true, true, 2, 'https://images.unsplash.com/photo-1553621042-f6e147245754?auto=format&fit=crop&w=900&q=80', true FROM restaurants r JOIN menu_categories c ON c.restaurant_id=r.id AND c.name='Sushi' WHERE r.display_name = 'Sushi Wave' AND NOT EXISTS (SELECT 1 FROM menu_items mi WHERE mi.restaurant_id=r.id AND mi.name='Chicken Crunch Roll');
INSERT INTO menu_items (restaurant_id, category_id, name, description, sku, base_price, currency, is_available, is_active, display_order, image_url, is_halal) SELECT r.id, c.id, 'Poke Bowl', 'Rice bowl with tuna, edamame, and avo', 'SKU-3-3', 109.00, 'ZAR', true, true, 3, 'https://images.unsplash.com/photo-1547592180-85f173990554?auto=format&fit=crop&w=900&q=80', true FROM restaurants r JOIN menu_categories c ON c.restaurant_id=r.id AND c.name='Bowls' WHERE r.display_name = 'Sushi Wave' AND NOT EXISTS (SELECT 1 FROM menu_items mi WHERE mi.restaurant_id=r.id AND mi.name='Poke Bowl');
INSERT INTO menu_items (restaurant_id, category_id, name, description, sku, base_price, currency, is_available, is_active, display_order, image_url, is_halal) SELECT r.id, c.id, 'Miso Soup', 'Classic miso soup', 'SKU-3-4', 28.00, 'ZAR', true, true, 4, 'https://images.unsplash.com/photo-1542442828-287217bfb290?auto=format&fit=crop&w=900&q=80', true FROM restaurants r JOIN menu_categories c ON c.restaurant_id=r.id AND c.name='Sides' WHERE r.display_name = 'Sushi Wave' AND NOT EXISTS (SELECT 1 FROM menu_items mi WHERE mi.restaurant_id=r.id AND mi.name='Miso Soup');
INSERT INTO menu_items (restaurant_id, category_id, name, description, sku, base_price, currency, is_available, is_active, display_order, image_url, is_halal) SELECT r.id, c.id, 'Yuzu Sparkle', 'Citrus sparkling drink', 'SKU-3-5', 27.00, 'ZAR', true, true, 5, 'https://images.unsplash.com/photo-1461823385004-d7660947a7c0?auto=format&fit=crop&w=900&q=80', true FROM restaurants r JOIN menu_categories c ON c.restaurant_id=r.id AND c.name='Drinks' WHERE r.display_name = 'Sushi Wave' AND NOT EXISTS (SELECT 1 FROM menu_items mi WHERE mi.restaurant_id=r.id AND mi.name='Yuzu Sparkle');
INSERT INTO modifier_groups (restaurant_id, name, min_select, max_select, is_required, display_order, is_active) SELECT r.id, 'Extras', 0, 3, false, 1, true FROM restaurants r WHERE r.display_name = 'Sushi Wave' AND NOT EXISTS (SELECT 1 FROM modifier_groups mg WHERE mg.restaurant_id=r.id AND mg.name='Extras');
INSERT INTO modifier_options (modifier_group_id, name, price_delta, is_default, is_available, display_order, is_active) SELECT mg.id, 'Extra Cheese', 12.00, false, true, 1, true FROM modifier_groups mg JOIN restaurants r ON r.id = mg.restaurant_id WHERE r.display_name = 'Sushi Wave' AND mg.name='Extras' AND NOT EXISTS (SELECT 1 FROM modifier_options mo WHERE mo.modifier_group_id=mg.id AND mo.name='Extra Cheese');
INSERT INTO modifier_options (modifier_group_id, name, price_delta, is_default, is_available, display_order, is_active) SELECT mg.id, 'Extra Sauce', 8.00, false, true, 2, true FROM modifier_groups mg JOIN restaurants r ON r.id = mg.restaurant_id WHERE r.display_name = 'Sushi Wave' AND mg.name='Extras' AND NOT EXISTS (SELECT 1 FROM modifier_options mo WHERE mo.modifier_group_id=mg.id AND mo.name='Extra Sauce');
INSERT INTO modifier_options (modifier_group_id, name, price_delta, is_default, is_available, display_order, is_active) SELECT mg.id, 'Add Fries', 24.00, false, true, 3, true FROM modifier_groups mg JOIN restaurants r ON r.id = mg.restaurant_id WHERE r.display_name = 'Sushi Wave' AND mg.name='Extras' AND NOT EXISTS (SELECT 1 FROM modifier_options mo WHERE mo.modifier_group_id=mg.id AND mo.name='Add Fries');
INSERT INTO menu_item_modifier_groups (menu_item_id, modifier_group_id, display_order) SELECT mi.id, mg.id, 1 FROM menu_items mi JOIN restaurants r ON r.id = mi.restaurant_id JOIN modifier_groups mg ON mg.restaurant_id = r.id AND mg.name='Extras' WHERE r.display_name = 'Sushi Wave' AND NOT EXISTS (SELECT 1 FROM menu_item_modifier_groups mimg WHERE mimg.menu_item_id=mi.id AND mimg.modifier_group_id=mg.id);
INSERT INTO restaurants (legal_name, display_name, trading_name, description, support_email, support_phone, status, cuisine_tags, commission_rate, prep_time_min_mins, prep_time_max_mins, accepts_pickup, accepts_delivery, is_active) SELECT 'Taco Fiesta Pty Ltd', 'Taco Fiesta', 'Taco Fiesta', 'Street tacos, nachos, burritos, and hot sauces.', 'hola@tacofiesta.local', '+27000001005', 'approved', ARRAY['tacos', 'mexican', 'burritos'], 15.00, 15, 35, true, true, true WHERE NOT EXISTS (SELECT 1 FROM restaurants WHERE display_name = 'Taco Fiesta');
INSERT INTO restaurant_locations (restaurant_id, location_name, address_line1, suburb, city, province, postal_code, country, location, delivery_radius_km, is_primary, is_active) SELECT id, 'Main Branch', '22 Bell Street', 'Nelsville', 'Mbombela', 'Mpumalanga', '1201', 'ZA', ST_GeogFromText('POINT(31.0220 -25.4750)'), 12.00, true, true FROM restaurants WHERE display_name = 'Taco Fiesta' AND NOT EXISTS (SELECT 1 FROM restaurant_locations rl WHERE rl.restaurant_id = restaurants.id AND rl.is_primary = true);
INSERT INTO media_assets (owner_type, owner_id, file_url, alt_text, created_by_user_id) SELECT 'restaurant', id, 'https://images.unsplash.com/photo-1565299624946-b28f40a0ae38?auto=format&fit=crop&w=300&q=80', 'logo', '00000000-0000-0000-0000-000000000002' FROM restaurants WHERE display_name = 'Taco Fiesta' AND NOT EXISTS (SELECT 1 FROM media_assets ma WHERE ma.owner_type='restaurant' AND ma.owner_id=restaurants.id AND ma.alt_text='logo');
INSERT INTO media_assets (owner_type, owner_id, file_url, alt_text, created_by_user_id) SELECT 'restaurant', id, 'https://images.unsplash.com/photo-1552332386-f8dd00dc2f85?auto=format&fit=crop&w=900&q=80', 'banner', '00000000-0000-0000-0000-000000000002' FROM restaurants WHERE display_name = 'Taco Fiesta' AND NOT EXISTS (SELECT 1 FROM media_assets ma WHERE ma.owner_type='restaurant' AND ma.owner_id=restaurants.id AND ma.alt_text='banner');
INSERT INTO featured_restaurants (restaurant_id, priority) SELECT id, 3 FROM restaurants WHERE display_name = 'Taco Fiesta' AND NOT EXISTS (SELECT 1 FROM featured_restaurants fr WHERE fr.restaurant_id = restaurants.id);
INSERT INTO menu_categories (restaurant_id, name, description, display_order, is_active) SELECT r.id, 'Tacos', 'Tacos menu', 1, true FROM restaurants r WHERE r.display_name = 'Taco Fiesta' AND NOT EXISTS (SELECT 1 FROM menu_categories c WHERE c.restaurant_id=r.id AND c.name='Tacos');
INSERT INTO menu_categories (restaurant_id, name, description, display_order, is_active) SELECT r.id, 'Burritos', 'Burritos menu', 2, true FROM restaurants r WHERE r.display_name = 'Taco Fiesta' AND NOT EXISTS (SELECT 1 FROM menu_categories c WHERE c.restaurant_id=r.id AND c.name='Burritos');
INSERT INTO menu_categories (restaurant_id, name, description, display_order, is_active) SELECT r.id, 'Sides', 'Sides menu', 3, true FROM restaurants r WHERE r.display_name = 'Taco Fiesta' AND NOT EXISTS (SELECT 1 FROM menu_categories c WHERE c.restaurant_id=r.id AND c.name='Sides');
INSERT INTO menu_categories (restaurant_id, name, description, display_order, is_active) SELECT r.id, 'Desserts', 'Desserts menu', 4, true FROM restaurants r WHERE r.display_name = 'Taco Fiesta' AND NOT EXISTS (SELECT 1 FROM menu_categories c WHERE c.restaurant_id=r.id AND c.name='Desserts');
INSERT INTO menu_categories (restaurant_id, name, description, display_order, is_active) SELECT r.id, 'Drinks', 'Drinks menu', 5, true FROM restaurants r WHERE r.display_name = 'Taco Fiesta' AND NOT EXISTS (SELECT 1 FROM menu_categories c WHERE c.restaurant_id=r.id AND c.name='Drinks');
INSERT INTO menu_items (restaurant_id, category_id, name, description, sku, base_price, currency, is_available, is_active, display_order, image_url, is_halal) SELECT r.id, c.id, 'Beef Taco Trio', 'Three beef tacos with salsa', 'SKU-4-1', 82.00, 'ZAR', true, true, 1, 'https://images.unsplash.com/photo-1565299585323-38174c4a6b7b?auto=format&fit=crop&w=900&q=80', true FROM restaurants r JOIN menu_categories c ON c.restaurant_id=r.id AND c.name='Tacos' WHERE r.display_name = 'Taco Fiesta' AND NOT EXISTS (SELECT 1 FROM menu_items mi WHERE mi.restaurant_id=r.id AND mi.name='Beef Taco Trio');
INSERT INTO menu_items (restaurant_id, category_id, name, description, sku, base_price, currency, is_available, is_active, display_order, image_url, is_halal) SELECT r.id, c.id, 'Chicken Burrito', 'Grilled chicken burrito with rice', 'SKU-4-2', 89.00, 'ZAR', true, true, 2, 'https://images.unsplash.com/photo-1626700051175-6818013e1d4f?auto=format&fit=crop&w=900&q=80', true FROM restaurants r JOIN menu_categories c ON c.restaurant_id=r.id AND c.name='Burritos' WHERE r.display_name = 'Taco Fiesta' AND NOT EXISTS (SELECT 1 FROM menu_items mi WHERE mi.restaurant_id=r.id AND mi.name='Chicken Burrito');
INSERT INTO menu_items (restaurant_id, category_id, name, description, sku, base_price, currency, is_available, is_active, display_order, image_url, is_halal) SELECT r.id, c.id, 'Loaded Nachos', 'Nachos with beef, cheese, and jalapeños', 'SKU-4-3', 74.00, 'ZAR', true, true, 3, 'https://images.unsplash.com/photo-1513456852971-30c0b8199d4d?auto=format&fit=crop&w=900&q=80', true FROM restaurants r JOIN menu_categories c ON c.restaurant_id=r.id AND c.name='Sides' WHERE r.display_name = 'Taco Fiesta' AND NOT EXISTS (SELECT 1 FROM menu_items mi WHERE mi.restaurant_id=r.id AND mi.name='Loaded Nachos');
INSERT INTO menu_items (restaurant_id, category_id, name, description, sku, base_price, currency, is_available, is_active, display_order, image_url, is_halal) SELECT r.id, c.id, 'Churro Bites', 'Cinnamon sugar churro bites', 'SKU-4-4', 39.00, 'ZAR', true, true, 4, 'https://images.unsplash.com/photo-1519676867240-f03562e64548?auto=format&fit=crop&w=900&q=80', true FROM restaurants r JOIN menu_categories c ON c.restaurant_id=r.id AND c.name='Desserts' WHERE r.display_name = 'Taco Fiesta' AND NOT EXISTS (SELECT 1 FROM menu_items mi WHERE mi.restaurant_id=r.id AND mi.name='Churro Bites');
INSERT INTO menu_items (restaurant_id, category_id, name, description, sku, base_price, currency, is_available, is_active, display_order, image_url, is_halal) SELECT r.id, c.id, 'Lime Cooler', 'Fresh lime cooler', 'SKU-4-5', 25.00, 'ZAR', true, true, 5, 'https://images.unsplash.com/photo-1513558161293-cdaf765ed2fd?auto=format&fit=crop&w=900&q=80', true FROM restaurants r JOIN menu_categories c ON c.restaurant_id=r.id AND c.name='Drinks' WHERE r.display_name = 'Taco Fiesta' AND NOT EXISTS (SELECT 1 FROM menu_items mi WHERE mi.restaurant_id=r.id AND mi.name='Lime Cooler');
INSERT INTO modifier_groups (restaurant_id, name, min_select, max_select, is_required, display_order, is_active) SELECT r.id, 'Extras', 0, 3, false, 1, true FROM restaurants r WHERE r.display_name = 'Taco Fiesta' AND NOT EXISTS (SELECT 1 FROM modifier_groups mg WHERE mg.restaurant_id=r.id AND mg.name='Extras');
INSERT INTO modifier_options (modifier_group_id, name, price_delta, is_default, is_available, display_order, is_active) SELECT mg.id, 'Extra Cheese', 12.00, false, true, 1, true FROM modifier_groups mg JOIN restaurants r ON r.id = mg.restaurant_id WHERE r.display_name = 'Taco Fiesta' AND mg.name='Extras' AND NOT EXISTS (SELECT 1 FROM modifier_options mo WHERE mo.modifier_group_id=mg.id AND mo.name='Extra Cheese');
INSERT INTO modifier_options (modifier_group_id, name, price_delta, is_default, is_available, display_order, is_active) SELECT mg.id, 'Extra Sauce', 8.00, false, true, 2, true FROM modifier_groups mg JOIN restaurants r ON r.id = mg.restaurant_id WHERE r.display_name = 'Taco Fiesta' AND mg.name='Extras' AND NOT EXISTS (SELECT 1 FROM modifier_options mo WHERE mo.modifier_group_id=mg.id AND mo.name='Extra Sauce');
INSERT INTO modifier_options (modifier_group_id, name, price_delta, is_default, is_available, display_order, is_active) SELECT mg.id, 'Add Fries', 24.00, false, true, 3, true FROM modifier_groups mg JOIN restaurants r ON r.id = mg.restaurant_id WHERE r.display_name = 'Taco Fiesta' AND mg.name='Extras' AND NOT EXISTS (SELECT 1 FROM modifier_options mo WHERE mo.modifier_group_id=mg.id AND mo.name='Add Fries');
INSERT INTO menu_item_modifier_groups (menu_item_id, modifier_group_id, display_order) SELECT mi.id, mg.id, 1 FROM menu_items mi JOIN restaurants r ON r.id = mi.restaurant_id JOIN modifier_groups mg ON mg.restaurant_id = r.id AND mg.name='Extras' WHERE r.display_name = 'Taco Fiesta' AND NOT EXISTS (SELECT 1 FROM menu_item_modifier_groups mimg WHERE mimg.menu_item_id=mi.id AND mimg.modifier_group_id=mg.id);
INSERT INTO restaurants (legal_name, display_name, trading_name, description, support_email, support_phone, status, cuisine_tags, commission_rate, prep_time_min_mins, prep_time_max_mins, accepts_pickup, accepts_delivery, is_active) SELECT 'Burger Boulevard Pty Ltd', 'Burger Boulevard', 'Burger Boulevard', 'Loaded burgers, wings, milkshakes, and fries.', 'team@burgerboulevard.local', '+27000001006', 'approved', ARRAY['burgers', 'wings', 'fastfood'], 15.00, 15, 35, true, true, true WHERE NOT EXISTS (SELECT 1 FROM restaurants WHERE display_name = 'Burger Boulevard');
INSERT INTO restaurant_locations (restaurant_id, location_name, address_line1, suburb, city, province, postal_code, country, location, delivery_radius_km, is_primary, is_active) SELECT id, 'Main Branch', '77 Mathews Street', 'West Acres', 'Mbombela', 'Mpumalanga', '1200', 'ZA', ST_GeogFromText('POINT(31.0080 -25.4555)'), 12.00, true, true FROM restaurants WHERE display_name = 'Burger Boulevard' AND NOT EXISTS (SELECT 1 FROM restaurant_locations rl WHERE rl.restaurant_id = restaurants.id AND rl.is_primary = true);
INSERT INTO media_assets (owner_type, owner_id, file_url, alt_text, created_by_user_id) SELECT 'restaurant', id, 'https://images.unsplash.com/photo-1561758033-d89a9ad46330?auto=format&fit=crop&w=300&q=80', 'logo', '00000000-0000-0000-0000-000000000002' FROM restaurants WHERE display_name = 'Burger Boulevard' AND NOT EXISTS (SELECT 1 FROM media_assets ma WHERE ma.owner_type='restaurant' AND ma.owner_id=restaurants.id AND ma.alt_text='logo');
INSERT INTO media_assets (owner_type, owner_id, file_url, alt_text, created_by_user_id) SELECT 'restaurant', id, 'https://images.unsplash.com/photo-1550547660-d9450f859349?auto=format&fit=crop&w=900&q=80', 'banner', '00000000-0000-0000-0000-000000000002' FROM restaurants WHERE display_name = 'Burger Boulevard' AND NOT EXISTS (SELECT 1 FROM media_assets ma WHERE ma.owner_type='restaurant' AND ma.owner_id=restaurants.id AND ma.alt_text='banner');
INSERT INTO featured_restaurants (restaurant_id, priority) SELECT id, 2 FROM restaurants WHERE display_name = 'Burger Boulevard' AND NOT EXISTS (SELECT 1 FROM featured_restaurants fr WHERE fr.restaurant_id = restaurants.id);
INSERT INTO menu_categories (restaurant_id, name, description, display_order, is_active) SELECT r.id, 'Burgers', 'Burgers menu', 1, true FROM restaurants r WHERE r.display_name = 'Burger Boulevard' AND NOT EXISTS (SELECT 1 FROM menu_categories c WHERE c.restaurant_id=r.id AND c.name='Burgers');
INSERT INTO menu_categories (restaurant_id, name, description, display_order, is_active) SELECT r.id, 'Wings', 'Wings menu', 2, true FROM restaurants r WHERE r.display_name = 'Burger Boulevard' AND NOT EXISTS (SELECT 1 FROM menu_categories c WHERE c.restaurant_id=r.id AND c.name='Wings');
INSERT INTO menu_categories (restaurant_id, name, description, display_order, is_active) SELECT r.id, 'Sides', 'Sides menu', 3, true FROM restaurants r WHERE r.display_name = 'Burger Boulevard' AND NOT EXISTS (SELECT 1 FROM menu_categories c WHERE c.restaurant_id=r.id AND c.name='Sides');
INSERT INTO menu_categories (restaurant_id, name, description, display_order, is_active) SELECT r.id, 'Drinks', 'Drinks menu', 4, true FROM restaurants r WHERE r.display_name = 'Burger Boulevard' AND NOT EXISTS (SELECT 1 FROM menu_categories c WHERE c.restaurant_id=r.id AND c.name='Drinks');
INSERT INTO menu_items (restaurant_id, category_id, name, description, sku, base_price, currency, is_available, is_active, display_order, image_url, is_halal) SELECT r.id, c.id, 'Double Cheese Burger', 'Two patties, cheddar, pickles, sauce', 'SKU-5-1', 95.00, 'ZAR', true, true, 1, 'https://images.unsplash.com/photo-1568901346375-23c9450c58cd?auto=format&fit=crop&w=900&q=80', true FROM restaurants r JOIN menu_categories c ON c.restaurant_id=r.id AND c.name='Burgers' WHERE r.display_name = 'Burger Boulevard' AND NOT EXISTS (SELECT 1 FROM menu_items mi WHERE mi.restaurant_id=r.id AND mi.name='Double Cheese Burger');
INSERT INTO menu_items (restaurant_id, category_id, name, description, sku, base_price, currency, is_available, is_active, display_order, image_url, is_halal) SELECT r.id, c.id, 'BBQ Wings', 'Sticky BBQ wings portion', 'SKU-5-2', 69.00, 'ZAR', true, true, 2, 'https://images.unsplash.com/photo-1527477396000-e27163b481c2?auto=format&fit=crop&w=900&q=80', true FROM restaurants r JOIN menu_categories c ON c.restaurant_id=r.id AND c.name='Wings' WHERE r.display_name = 'Burger Boulevard' AND NOT EXISTS (SELECT 1 FROM menu_items mi WHERE mi.restaurant_id=r.id AND mi.name='BBQ Wings');
INSERT INTO menu_items (restaurant_id, category_id, name, description, sku, base_price, currency, is_available, is_active, display_order, image_url, is_halal) SELECT r.id, c.id, 'Chilli Cheese Fries', 'Fries with chilli mince and cheese', 'SKU-5-3', 49.00, 'ZAR', true, true, 3, 'https://images.unsplash.com/photo-1630384060421-cb20d0e0649d?auto=format&fit=crop&w=900&q=80', true FROM restaurants r JOIN menu_categories c ON c.restaurant_id=r.id AND c.name='Sides' WHERE r.display_name = 'Burger Boulevard' AND NOT EXISTS (SELECT 1 FROM menu_items mi WHERE mi.restaurant_id=r.id AND mi.name='Chilli Cheese Fries');
INSERT INTO menu_items (restaurant_id, category_id, name, description, sku, base_price, currency, is_available, is_active, display_order, image_url, is_halal) SELECT r.id, c.id, 'Vanilla Shake', 'Classic vanilla milkshake', 'SKU-5-4', 34.00, 'ZAR', true, true, 4, 'https://images.unsplash.com/photo-1572490122747-3968b75cc699?auto=format&fit=crop&w=900&q=80', true FROM restaurants r JOIN menu_categories c ON c.restaurant_id=r.id AND c.name='Drinks' WHERE r.display_name = 'Burger Boulevard' AND NOT EXISTS (SELECT 1 FROM menu_items mi WHERE mi.restaurant_id=r.id AND mi.name='Vanilla Shake');
INSERT INTO menu_items (restaurant_id, category_id, name, description, sku, base_price, currency, is_available, is_active, display_order, image_url, is_halal) SELECT r.id, c.id, 'Crispy Chicken Burger', 'Crunchy chicken burger with slaw', 'SKU-5-5', 84.00, 'ZAR', true, true, 5, 'https://images.unsplash.com/photo-1606755962773-d324e0a13086?auto=format&fit=crop&w=900&q=80', true FROM restaurants r JOIN menu_categories c ON c.restaurant_id=r.id AND c.name='Burgers' WHERE r.display_name = 'Burger Boulevard' AND NOT EXISTS (SELECT 1 FROM menu_items mi WHERE mi.restaurant_id=r.id AND mi.name='Crispy Chicken Burger');
INSERT INTO modifier_groups (restaurant_id, name, min_select, max_select, is_required, display_order, is_active) SELECT r.id, 'Extras', 0, 3, false, 1, true FROM restaurants r WHERE r.display_name = 'Burger Boulevard' AND NOT EXISTS (SELECT 1 FROM modifier_groups mg WHERE mg.restaurant_id=r.id AND mg.name='Extras');
INSERT INTO modifier_options (modifier_group_id, name, price_delta, is_default, is_available, display_order, is_active) SELECT mg.id, 'Extra Cheese', 12.00, false, true, 1, true FROM modifier_groups mg JOIN restaurants r ON r.id = mg.restaurant_id WHERE r.display_name = 'Burger Boulevard' AND mg.name='Extras' AND NOT EXISTS (SELECT 1 FROM modifier_options mo WHERE mo.modifier_group_id=mg.id AND mo.name='Extra Cheese');
INSERT INTO modifier_options (modifier_group_id, name, price_delta, is_default, is_available, display_order, is_active) SELECT mg.id, 'Extra Sauce', 8.00, false, true, 2, true FROM modifier_groups mg JOIN restaurants r ON r.id = mg.restaurant_id WHERE r.display_name = 'Burger Boulevard' AND mg.name='Extras' AND NOT EXISTS (SELECT 1 FROM modifier_options mo WHERE mo.modifier_group_id=mg.id AND mo.name='Extra Sauce');
INSERT INTO modifier_options (modifier_group_id, name, price_delta, is_default, is_available, display_order, is_active) SELECT mg.id, 'Add Fries', 24.00, false, true, 3, true FROM modifier_groups mg JOIN restaurants r ON r.id = mg.restaurant_id WHERE r.display_name = 'Burger Boulevard' AND mg.name='Extras' AND NOT EXISTS (SELECT 1 FROM modifier_options mo WHERE mo.modifier_group_id=mg.id AND mo.name='Add Fries');
INSERT INTO menu_item_modifier_groups (menu_item_id, modifier_group_id, display_order) SELECT mi.id, mg.id, 1 FROM menu_items mi JOIN restaurants r ON r.id = mi.restaurant_id JOIN modifier_groups mg ON mg.restaurant_id = r.id AND mg.name='Extras' WHERE r.display_name = 'Burger Boulevard' AND NOT EXISTS (SELECT 1 FROM menu_item_modifier_groups mimg WHERE mimg.menu_item_id=mi.id AND mimg.modifier_group_id=mg.id);
INSERT INTO restaurants (legal_name, display_name, trading_name, description, support_email, support_phone, status, cuisine_tags, commission_rate, prep_time_min_mins, prep_time_max_mins, accepts_pickup, accepts_delivery, is_active) SELECT 'Green Bowl Kitchen Pty Ltd', 'Green Bowl Kitchen', 'Green Bowl Kitchen', 'Healthy bowls, smoothies, wraps, and breakfast bites.', 'care@greenbowl.local', '+27000001007', 'approved', ARRAY['healthy', 'bowls', 'smoothies'], 15.00, 15, 35, true, true, true WHERE NOT EXISTS (SELECT 1 FROM restaurants WHERE display_name = 'Green Bowl Kitchen');
INSERT INTO restaurant_locations (restaurant_id, location_name, address_line1, suburb, city, province, postal_code, country, location, delivery_radius_km, is_primary, is_active) SELECT id, 'Main Branch', '5 White River Road', 'Steiltes', 'Mbombela', 'Mpumalanga', '1201', 'ZA', ST_GeogFromText('POINT(31.0185 -25.4485)'), 12.00, true, true FROM restaurants WHERE display_name = 'Green Bowl Kitchen' AND NOT EXISTS (SELECT 1 FROM restaurant_locations rl WHERE rl.restaurant_id = restaurants.id AND rl.is_primary = true);
INSERT INTO media_assets (owner_type, owner_id, file_url, alt_text, created_by_user_id) SELECT 'restaurant', id, 'https://images.unsplash.com/photo-1512621776951-a57141f2eefd?auto=format&fit=crop&w=300&q=80', 'logo', '00000000-0000-0000-0000-000000000002' FROM restaurants WHERE display_name = 'Green Bowl Kitchen' AND NOT EXISTS (SELECT 1 FROM media_assets ma WHERE ma.owner_type='restaurant' AND ma.owner_id=restaurants.id AND ma.alt_text='logo');
INSERT INTO media_assets (owner_type, owner_id, file_url, alt_text, created_by_user_id) SELECT 'restaurant', id, 'https://images.unsplash.com/photo-1498837167922-ddd27525d352?auto=format&fit=crop&w=900&q=80', 'banner', '00000000-0000-0000-0000-000000000002' FROM restaurants WHERE display_name = 'Green Bowl Kitchen' AND NOT EXISTS (SELECT 1 FROM media_assets ma WHERE ma.owner_type='restaurant' AND ma.owner_id=restaurants.id AND ma.alt_text='banner');
INSERT INTO featured_restaurants (restaurant_id, priority) SELECT id, 1 FROM restaurants WHERE display_name = 'Green Bowl Kitchen' AND NOT EXISTS (SELECT 1 FROM featured_restaurants fr WHERE fr.restaurant_id = restaurants.id);
INSERT INTO menu_categories (restaurant_id, name, description, display_order, is_active) SELECT r.id, 'Bowls', 'Bowls menu', 1, true FROM restaurants r WHERE r.display_name = 'Green Bowl Kitchen' AND NOT EXISTS (SELECT 1 FROM menu_categories c WHERE c.restaurant_id=r.id AND c.name='Bowls');
INSERT INTO menu_categories (restaurant_id, name, description, display_order, is_active) SELECT r.id, 'Wraps', 'Wraps menu', 2, true FROM restaurants r WHERE r.display_name = 'Green Bowl Kitchen' AND NOT EXISTS (SELECT 1 FROM menu_categories c WHERE c.restaurant_id=r.id AND c.name='Wraps');
INSERT INTO menu_categories (restaurant_id, name, description, display_order, is_active) SELECT r.id, 'Breakfast', 'Breakfast menu', 3, true FROM restaurants r WHERE r.display_name = 'Green Bowl Kitchen' AND NOT EXISTS (SELECT 1 FROM menu_categories c WHERE c.restaurant_id=r.id AND c.name='Breakfast');
INSERT INTO menu_categories (restaurant_id, name, description, display_order, is_active) SELECT r.id, 'Drinks', 'Drinks menu', 4, true FROM restaurants r WHERE r.display_name = 'Green Bowl Kitchen' AND NOT EXISTS (SELECT 1 FROM menu_categories c WHERE c.restaurant_id=r.id AND c.name='Drinks');
INSERT INTO menu_items (restaurant_id, category_id, name, description, sku, base_price, currency, is_available, is_active, display_order, image_url, is_halal) SELECT r.id, c.id, 'Power Bowl', 'Chicken quinoa bowl with greens', 'SKU-6-1', 88.00, 'ZAR', true, true, 1, 'https://images.unsplash.com/photo-1512621776951-a57141f2eefd?auto=format&fit=crop&w=900&q=80', true FROM restaurants r JOIN menu_categories c ON c.restaurant_id=r.id AND c.name='Bowls' WHERE r.display_name = 'Green Bowl Kitchen' AND NOT EXISTS (SELECT 1 FROM menu_items mi WHERE mi.restaurant_id=r.id AND mi.name='Power Bowl');
INSERT INTO menu_items (restaurant_id, category_id, name, description, sku, base_price, currency, is_available, is_active, display_order, image_url, is_halal) SELECT r.id, c.id, 'Falafel Wrap', 'Falafel wrap with tahini dressing', 'SKU-6-2', 69.00, 'ZAR', true, true, 2, 'https://images.unsplash.com/photo-1645112411341-6c4fd023714a?auto=format&fit=crop&w=900&q=80', true FROM restaurants r JOIN menu_categories c ON c.restaurant_id=r.id AND c.name='Wraps' WHERE r.display_name = 'Green Bowl Kitchen' AND NOT EXISTS (SELECT 1 FROM menu_items mi WHERE mi.restaurant_id=r.id AND mi.name='Falafel Wrap');
INSERT INTO menu_items (restaurant_id, category_id, name, description, sku, base_price, currency, is_available, is_active, display_order, image_url, is_halal) SELECT r.id, c.id, 'Granola Pot', 'Greek yoghurt granola pot', 'SKU-6-3', 39.00, 'ZAR', true, true, 3, 'https://images.unsplash.com/photo-1488477181946-6428a0291777?auto=format&fit=crop&w=900&q=80', true FROM restaurants r JOIN menu_categories c ON c.restaurant_id=r.id AND c.name='Breakfast' WHERE r.display_name = 'Green Bowl Kitchen' AND NOT EXISTS (SELECT 1 FROM menu_items mi WHERE mi.restaurant_id=r.id AND mi.name='Granola Pot');
INSERT INTO menu_items (restaurant_id, category_id, name, description, sku, base_price, currency, is_available, is_active, display_order, image_url, is_halal) SELECT r.id, c.id, 'Berry Smoothie', 'Mixed berry protein smoothie', 'SKU-6-4', 42.00, 'ZAR', true, true, 4, 'https://images.unsplash.com/photo-1502741338009-cac2772e18bc?auto=format&fit=crop&w=900&q=80', true FROM restaurants r JOIN menu_categories c ON c.restaurant_id=r.id AND c.name='Drinks' WHERE r.display_name = 'Green Bowl Kitchen' AND NOT EXISTS (SELECT 1 FROM menu_items mi WHERE mi.restaurant_id=r.id AND mi.name='Berry Smoothie');
INSERT INTO menu_items (restaurant_id, category_id, name, description, sku, base_price, currency, is_available, is_active, display_order, image_url, is_halal) SELECT r.id, c.id, 'Avo Crunch Salad', 'Avo salad with seeds and feta', 'SKU-6-5', 77.00, 'ZAR', true, true, 5, 'https://images.unsplash.com/photo-1546793665-c74683f339c1?auto=format&fit=crop&w=900&q=80', true FROM restaurants r JOIN menu_categories c ON c.restaurant_id=r.id AND c.name='Bowls' WHERE r.display_name = 'Green Bowl Kitchen' AND NOT EXISTS (SELECT 1 FROM menu_items mi WHERE mi.restaurant_id=r.id AND mi.name='Avo Crunch Salad');
INSERT INTO modifier_groups (restaurant_id, name, min_select, max_select, is_required, display_order, is_active) SELECT r.id, 'Extras', 0, 3, false, 1, true FROM restaurants r WHERE r.display_name = 'Green Bowl Kitchen' AND NOT EXISTS (SELECT 1 FROM modifier_groups mg WHERE mg.restaurant_id=r.id AND mg.name='Extras');
INSERT INTO modifier_options (modifier_group_id, name, price_delta, is_default, is_available, display_order, is_active) SELECT mg.id, 'Extra Cheese', 12.00, false, true, 1, true FROM modifier_groups mg JOIN restaurants r ON r.id = mg.restaurant_id WHERE r.display_name = 'Green Bowl Kitchen' AND mg.name='Extras' AND NOT EXISTS (SELECT 1 FROM modifier_options mo WHERE mo.modifier_group_id=mg.id AND mo.name='Extra Cheese');
INSERT INTO modifier_options (modifier_group_id, name, price_delta, is_default, is_available, display_order, is_active) SELECT mg.id, 'Extra Sauce', 8.00, false, true, 2, true FROM modifier_groups mg JOIN restaurants r ON r.id = mg.restaurant_id WHERE r.display_name = 'Green Bowl Kitchen' AND mg.name='Extras' AND NOT EXISTS (SELECT 1 FROM modifier_options mo WHERE mo.modifier_group_id=mg.id AND mo.name='Extra Sauce');
INSERT INTO modifier_options (modifier_group_id, name, price_delta, is_default, is_available, display_order, is_active) SELECT mg.id, 'Add Fries', 24.00, false, true, 3, true FROM modifier_groups mg JOIN restaurants r ON r.id = mg.restaurant_id WHERE r.display_name = 'Green Bowl Kitchen' AND mg.name='Extras' AND NOT EXISTS (SELECT 1 FROM modifier_options mo WHERE mo.modifier_group_id=mg.id AND mo.name='Add Fries');
INSERT INTO menu_item_modifier_groups (menu_item_id, modifier_group_id, display_order) SELECT mi.id, mg.id, 1 FROM menu_items mi JOIN restaurants r ON r.id = mi.restaurant_id JOIN modifier_groups mg ON mg.restaurant_id = r.id AND mg.name='Extras' WHERE r.display_name = 'Green Bowl Kitchen' AND NOT EXISTS (SELECT 1 FROM menu_item_modifier_groups mimg WHERE mimg.menu_item_id=mi.id AND mimg.modifier_group_id=mg.id);


-- Promotions / deals for storefront and customer discover
INSERT INTO promotions (title, description, banner_image_url, priority, is_active, starts_at, ends_at, created_by_user_id)
SELECT 'Weekend Feast', 'Up to 20% off selected family meals and combos this weekend.', 'https://images.unsplash.com/photo-1513104890138-7c749659a591?auto=format&fit=crop&w=1200&q=80', 6, true, now() - interval '2 days', now() + interval '30 days', '00000000-0000-0000-0000-000000000001'
WHERE NOT EXISTS (SELECT 1 FROM promotions WHERE title = 'Weekend Feast');

INSERT INTO promotions (title, description, banner_image_url, priority, is_active, starts_at, ends_at, created_by_user_id)
SELECT 'Burger Night', 'Buy one burger combo and get fries or wings at a promo price.', 'https://images.unsplash.com/photo-1568901346375-23c9450c58cd?auto=format&fit=crop&w=1200&q=80', 5, true, now() - interval '1 day', now() + interval '21 days', '00000000-0000-0000-0000-000000000001'
WHERE NOT EXISTS (SELECT 1 FROM promotions WHERE title = 'Burger Night');

INSERT INTO promotions (title, description, banner_image_url, priority, is_active, starts_at, ends_at, created_by_user_id)
SELECT 'Healthy Bowl Special', 'Fresh bowls, smoothies, and wraps on a weekday special.', 'https://images.unsplash.com/photo-1546069901-ba9599a7e63c?auto=format&fit=crop&w=1200&q=80', 4, true, now() - interval '1 day', now() + interval '21 days', '00000000-0000-0000-0000-000000000001'
WHERE NOT EXISTS (SELECT 1 FROM promotions WHERE title = 'Healthy Bowl Special');

UPDATE featured_restaurants fr
SET promotion_id = p.id
FROM promotions p, restaurants r
WHERE fr.restaurant_id = r.id
  AND (
    (r.display_name = 'Pizza District' AND p.title = 'Weekend Feast') OR
    (r.display_name = 'Burger Boulevard' AND p.title = 'Burger Night') OR
    (r.display_name = 'Green Bowl Kitchen' AND p.title = 'Healthy Bowl Special')
  );

INSERT INTO coupons (code, name, description, discount_type, discount_value, min_order_total, max_discount_amount, per_user_limit, starts_at, ends_at, scope_type, is_active, created_by_user_id)
SELECT 'WELCOME10', 'Welcome 10%', 'Save 10% on your first order.', 'percent', 10.00, 80.00, 60.00, 1, now() - interval '2 days', now() + interval '45 days', 'platform', true, '00000000-0000-0000-0000-000000000001'
WHERE NOT EXISTS (SELECT 1 FROM coupons WHERE code = 'WELCOME10');

INSERT INTO coupons (code, name, description, discount_type, discount_value, min_order_total, max_discount_amount, per_user_limit, starts_at, ends_at, scope_type, is_active, created_by_user_id)
SELECT 'FREEDEL', 'Free Delivery', 'Enjoy free delivery on qualifying orders.', 'free_delivery', 0.00, 120.00, NULL, 2, now() - interval '2 days', now() + interval '45 days', 'platform', true, '00000000-0000-0000-0000-000000000001'
WHERE NOT EXISTS (SELECT 1 FROM coupons WHERE code = 'FREEDEL');

INSERT INTO coupons (code, name, description, discount_type, discount_value, min_order_total, max_discount_amount, per_user_limit, starts_at, ends_at, scope_type, is_active, created_by_user_id)
SELECT 'SAVE40', 'Save R40', 'Get R40 off larger basket orders.', 'fixed', 40.00, 220.00, 40.00, 2, now() - interval '2 days', now() + interval '45 days', 'platform', true, '00000000-0000-0000-0000-000000000001'
WHERE NOT EXISTS (SELECT 1 FROM coupons WHERE code = 'SAVE40');

INSERT INTO coupons (code, name, description, discount_type, discount_value, min_order_total, max_discount_amount, per_user_limit, starts_at, ends_at, scope_type, is_active, created_by_user_id)
SELECT 'PIZZA20', 'Pizza District Special', 'Take 20% off selected pizza orders.', 'percent', 20.00, 140.00, 90.00, 3, now() - interval '2 days', now() + interval '45 days', 'restaurant', true, '00000000-0000-0000-0000-000000000001'
WHERE NOT EXISTS (SELECT 1 FROM coupons WHERE code = 'PIZZA20');

INSERT INTO coupons (code, name, description, discount_type, discount_value, min_order_total, max_discount_amount, per_user_limit, starts_at, ends_at, scope_type, is_active, created_by_user_id)
SELECT 'BURGER25', 'Burger Boulevard Combo', 'R25 off combo meals at Burger Boulevard.', 'fixed', 25.00, 120.00, 25.00, 3, now() - interval '2 days', now() + interval '45 days', 'restaurant', true, '00000000-0000-0000-0000-000000000001'
WHERE NOT EXISTS (SELECT 1 FROM coupons WHERE code = 'BURGER25');

INSERT INTO coupons (code, name, description, discount_type, discount_value, min_order_total, max_discount_amount, per_user_limit, starts_at, ends_at, scope_type, is_active, created_by_user_id)
SELECT 'BOWL15', 'Green Bowl Special', '15% off Green Bowl Kitchen meals.', 'percent', 15.00, 100.00, 70.00, 3, now() - interval '2 days', now() + interval '45 days', 'restaurant', true, '00000000-0000-0000-0000-000000000001'
WHERE NOT EXISTS (SELECT 1 FROM coupons WHERE code = 'BOWL15');

INSERT INTO coupon_restaurants (coupon_id, restaurant_id)
SELECT c.id, r.id
FROM coupons c
JOIN restaurants r ON r.display_name = 'Pizza District'
WHERE c.code = 'PIZZA20'
  AND NOT EXISTS (SELECT 1 FROM coupon_restaurants cr WHERE cr.coupon_id = c.id AND cr.restaurant_id = r.id);

INSERT INTO coupon_restaurants (coupon_id, restaurant_id)
SELECT c.id, r.id
FROM coupons c
JOIN restaurants r ON r.display_name = 'Burger Boulevard'
WHERE c.code = 'BURGER25'
  AND NOT EXISTS (SELECT 1 FROM coupon_restaurants cr WHERE cr.coupon_id = c.id AND cr.restaurant_id = r.id);

INSERT INTO coupon_restaurants (coupon_id, restaurant_id)
SELECT c.id, r.id
FROM coupons c
JOIN restaurants r ON r.display_name = 'Green Bowl Kitchen'
WHERE c.code = 'BOWL15'
  AND NOT EXISTS (SELECT 1 FROM coupon_restaurants cr WHERE cr.coupon_id = c.id AND cr.restaurant_id = r.id);
